{"cameraMode":{"drawMode":0,"name":"Shaded","section":"Shading Mode"},"sceneLighting":false,"audioPlay":false,"sceneViewState":{"m_AlwaysRefresh":false,"showFog":true,"showSkybox":false,"showFlares":true,"showImageEffects":true,"showParticleSystems":true,"showVisualEffectGraphs":true,"m_FxEnabled":true},"in2DMode":false,"pivot":{"x":-3.1903774738311769,"y":2.5072336196899416,"z":1.6604763269424439},"rotation":{"x":-0.030550377443432809,"y":0.6208984851837158,"z":-0.02422615885734558,"w":-0.7829207181930542},"size":11.247661590576172,"orthographic":false}